period,resource_id,name,last_modified,url,n_calls,n_volumes
2018-07,63fe471a-77b5-43b8-a08b-680010b2b953,Ф-12 та Ф-13 за липень 2018.xlsx,2018-08-22T08:52:15.443180,https://data.gov.ua/dataset/3f67ad69-fdd7-4afd-ab5c-765681286f48/resource/63fe471a-77b5-43b8-a08b-680010b2b953/download/f-12-ta-f-13-za-lipen-2018.xlsx,1432,375
2018-08,b408f5ff-f217-489a-8e23-0c2a469484f1,Ф-12. Реєстр судозаходів та Ф-13. Портова статистика з перевалки вантажів у розрізі терміналів та причалів за серпень 2018.xlsx,2018-11-23T13:44:55.119184,https://data.gov.ua/dataset/3f67ad69-fdd7-4afd-ab5c-765681286f48/resource/b408f5ff-f217-489a-8e23-0c2a469484f1/download/f-12-reiestr-sudozakhodiv-ta-f-13-portova-statistika-z-perevalki-vantazhiv-u-rozrizi-terminaliv.xlsx,1345,393
2018-09,dc5dd750-d1c8-4bb5-80bb-28081c596732,Ф-12 та Ф-13 за вересень 2018. Портова статистика та реєстр судозаходів за вересень 2018..xlsx,2018-11-23T13:41:29.019446,https://data.gov.ua/dataset/3f67ad69-fdd7-4afd-ab5c-765681286f48/resource/dc5dd750-d1c8-4bb5-80bb-28081c596732/download/f-12-ta-f-13-za-veresen-2018-portova-statistika-ta-reiestr-sudozakhodiv-za-veresen-2018.xlsx,1298,356
2018-10,a340ad3a-ffe0-4908-aab5-61d890245c97,Ф-12 та Ф-13 за жовтень 2018.xlsx,2018-11-23T13:44:10.665922,https://data.gov.ua/dataset/3f67ad69-fdd7-4afd-ab5c-765681286f48/resource/a340ad3a-ffe0-4908-aab5-61d890245c97/download/f-12-ta-f-13-za-zhovten-2018.xlsx,1304,402
2018-11,c4f1aee4-57ec-4617-9bca-8e839fb78ca7,Ф-12 та Ф-13 за листопад 2018.xlsx,2018-12-17T12:54:49.492467,https://data.gov.ua/dataset/3f67ad69-fdd7-4afd-ab5c-765681286f48/resource/c4f1aee4-57ec-4617-9bca-8e839fb78ca7/download/f-12-ta-f-13-za-listopad-2018.xlsx,1316,406
2018-12,728b6880-ce30-47bf-b5a5-7b1710817f8d,Ф-12 та Ф-13 за грудень 2018.xlsx,2019-01-11T10:43:34.357330,https://data.gov.ua/dataset/3f67ad69-fdd7-4afd-ab5c-765681286f48/resource/728b6880-ce30-47bf-b5a5-7b1710817f8d/download/f-12-ta-f-13-za-gruden-2018.xlsx,1530,453
2019-01,0d23cae4-0ef6-4524-9609-f1485c36d509,Ф-12 та Ф-13 за січень 2019.xlsx,2019-02-11T09:54:08.859638,https://data.gov.ua/dataset/3f67ad69-fdd7-4afd-ab5c-765681286f48/resource/0d23cae4-0ef6-4524-9609-f1485c36d509/download/f-12-ta-f-13-za-sichen-2019.xlsx,1273,404
2019-02,d4526255-d196-4c29-baee-5701ecfc1286,Ф-12 та Ф-13 за лютий 2019.xlsx,2019-03-12T09:44:08.806803,https://data.gov.ua/dataset/3f67ad69-fdd7-4afd-ab5c-765681286f48/resource/d4526255-d196-4c29-baee-5701ecfc1286/download/f-12-ta-f-13-za-liutii-2019.xlsx,1273,386
2019-03,cb38ea6c-dca4-4080-8746-2b4a72a4f6d5,Ф-12 та Ф-13 за березень 2019.xlsx,2019-04-16T11:24:53.007551,https://data.gov.ua/dataset/3f67ad69-fdd7-4afd-ab5c-765681286f48/resource/cb38ea6c-dca4-4080-8746-2b4a72a4f6d5/download/f-12-ta-f-13-za-berezen-2019.xlsx,1568,446
2019-04,016f5bf9-5072-428e-a5fc-5c1fffdc7715,Ф-12 и Ф-13 за квітень 2019.xlsx,2019-05-15T10:16:07.630018,https://data.gov.ua/dataset/3f67ad69-fdd7-4afd-ab5c-765681286f48/resource/016f5bf9-5072-428e-a5fc-5c1fffdc7715/download/f-12-i-f-13-za-kviten-2019.xlsx,1341,381
2019-05,8b066b4d-4195-465f-a73a-38d2a4ddb19f,Ф-12 та Ф-13 за травень 2019.xlsx,2019-06-14T07:59:34.535633,https://data.gov.ua/dataset/3f67ad69-fdd7-4afd-ab5c-765681286f48/resource/8b066b4d-4195-465f-a73a-38d2a4ddb19f/download/f-12-ta-f-13-za-traven-2019.xlsx,1517,405
2019-06,a11d4e70-e033-48c2-806d-8d228a3842e6,Ф-12 та Ф-13 за червень 2019.xlsx,2019-07-16T12:32:16.093790,https://data.gov.ua/dataset/3f67ad69-fdd7-4afd-ab5c-765681286f48/resource/a11d4e70-e033-48c2-806d-8d228a3842e6/download/f-12-ta-f-13-za-cherven-2019.xlsx,1221,359
2019-07,a3c4ce4d-f18a-4f25-80d4-9d57e9d1828a,Ф-12 та Ф-13 за липень 2019.xlsx,2019-08-12T08:27:51.694982,https://data.gov.ua/dataset/3f67ad69-fdd7-4afd-ab5c-765681286f48/resource/a3c4ce4d-f18a-4f25-80d4-9d57e9d1828a/download/f-12-ta-f-13-za-lipen-2019.xlsx,1474,404
2019-08,e635551a-a633-4bb5-ba8e-7cc258f28b67,Ф-12 та Ф-13 за серпень 2019.xlsx,2019-09-11T14:51:08.591250,https://data.gov.ua/dataset/3f67ad69-fdd7-4afd-ab5c-765681286f48/resource/e635551a-a633-4bb5-ba8e-7cc258f28b67/download/f-12-ta-f-13-za-serpen-2019.xlsx,1508,427
2019-09,21d69678-6c35-4d09-a992-1ea7f28b5485,Ф-12 та Ф-13 за вересень 2019.xlsx,2019-10-10T14:10:58.351439,https://data.gov.ua/dataset/3f67ad69-fdd7-4afd-ab5c-765681286f48/resource/21d69678-6c35-4d09-a992-1ea7f28b5485/download/f-12-ta-f-13-za-veresen-2019.xlsx,1444,414
2019-10,349daeb3-192b-4612-81af-d18c7b0e4194,Ф-12 та Ф-13 за жовтень 2019.xlsx,2019-11-12T13:35:43.131303,https://data.gov.ua/dataset/3f67ad69-fdd7-4afd-ab5c-765681286f48/resource/349daeb3-192b-4612-81af-d18c7b0e4194/download/f-12-ta-f-13-za-zhovten-2019.xlsx,1603,439
2019-11,5bb7aca9-561f-4e7c-b15c-0b2f15fc2e7d,Ф-12 та Ф-13 за листопад 2019.xlsx,2019-12-11T13:01:07.458686,https://data.gov.ua/dataset/3f67ad69-fdd7-4afd-ab5c-765681286f48/resource/5bb7aca9-561f-4e7c-b15c-0b2f15fc2e7d/download/f-12-ta-f-13-za-listopad-2019.xlsx,1442,421
2019-12,2642023a-db3b-4f78-83ed-bf74b0ee6326,Ф-12 та Ф-13 за грудень 2019.xlsx,2020-01-14T12:24:49.670452,https://data.gov.ua/dataset/3f67ad69-fdd7-4afd-ab5c-765681286f48/resource/2642023a-db3b-4f78-83ed-bf74b0ee6326/download/f-12-ta-f-13-za-gruden-2019.xlsx,1526,429
2020-01,eea3bee2-6382-4465-9a05-5fb05e58fb52,Ф-12 та Ф-13 за січень 2020.xlsx,2020-02-11T12:17:58.800680,https://data.gov.ua/dataset/3f67ad69-fdd7-4afd-ab5c-765681286f48/resource/eea3bee2-6382-4465-9a05-5fb05e58fb52/download/f-12-ta-f-13-za-sichen-2020.xlsx,1386,387
2020-02,e3e8095b-3321-4961-88a3-133a9e0104f1,Ф-12 та Ф-13 за лютий 2020.xlsx,2020-03-10T16:39:18.799430,https://data.gov.ua/dataset/3f67ad69-fdd7-4afd-ab5c-765681286f48/resource/e3e8095b-3321-4961-88a3-133a9e0104f1/download/f-12-ta-f-13-za-liutii-2020.xlsx,1249,366
2020-03,1bbfb6df-ac07-4f74-9220-6c421a3f44bd,Ф-12 та Ф-13 за березень 2020.xlsx,2020-04-13T10:59:15.087270,https://data.gov.ua/dataset/3f67ad69-fdd7-4afd-ab5c-765681286f48/resource/1bbfb6df-ac07-4f74-9220-6c421a3f44bd/download/f-12-ta-f-13-za-berezen-2020.xlsx,1281,365
2020-04,67b4b92a-aa13-43fa-a4d8-68aa9265c319,Ф-12 та Ф-13 за квітень 2020.xlsx,2020-05-13T13:09:03.201757,https://data.gov.ua/dataset/3f67ad69-fdd7-4afd-ab5c-765681286f48/resource/67b4b92a-aa13-43fa-a4d8-68aa9265c319/download/f-12-ta-f-13-za-kviten-2020.xlsx,1343,391
2020-05,ae54b1c7-a30a-4b25-a339-98ac90fa3e6e,Ф-12 та Ф-13 за травень 2020 року.xlsx,2020-06-15T13:26:08.192849,https://data.gov.ua/dataset/3f67ad69-fdd7-4afd-ab5c-765681286f48/resource/ae54b1c7-a30a-4b25-a339-98ac90fa3e6e/download/f-12-ta-f-13-za-traven-2020-roku.xlsx,1203,382
2020-06,75d9cfe5-ab8e-4038-a88c-624a03fac1b8,Ф-12 та Ф-13 за червень 2020 року.xlsx,2020-07-13T08:26:58.251595,https://data.gov.ua/dataset/3f67ad69-fdd7-4afd-ab5c-765681286f48/resource/75d9cfe5-ab8e-4038-a88c-624a03fac1b8/download/f-12-ta-f-13-za-cherven-2020-roku.xlsx,1106,366
2020-07,49694e3a-79f5-4004-9302-2ad850cabe9e,Ф-12 та Ф-13 за липень 2020.xlsx,2020-08-11T11:21:41.487402,https://data.gov.ua/dataset/3f67ad69-fdd7-4afd-ab5c-765681286f48/resource/49694e3a-79f5-4004-9302-2ad850cabe9e/download/f-12-ta-f-13-za-lipen-2020.xlsx,1265,389
2020-08,e5713a8e-9f97-4a3f-8d83-0ed8787466bc,Ф-12 та Ф-13 за серпень 2020.xlsx,2020-09-11T09:21:37.610264,https://data.gov.ua/dataset/3f67ad69-fdd7-4afd-ab5c-765681286f48/resource/e5713a8e-9f97-4a3f-8d83-0ed8787466bc/download/f-12-ta-f-13-za-serpen-2020.xlsx,1334,388
2020-09,cc033449-c806-433b-aaad-123eef62c43a,Ф-12 та Ф-13 за вересень 2020.xlsx,2020-10-12T11:57:11.320693,https://data.gov.ua/dataset/3f67ad69-fdd7-4afd-ab5c-765681286f48/resource/cc033449-c806-433b-aaad-123eef62c43a/download/f-12-ta-f-13-za-veresen-2020.xlsx,1217,396
2020-10,690d645f-4175-427f-8166-64a8985139e8,Ф-12 та Ф-13 за жовтень 2020.xlsx,2020-11-11T10:44:31.027612,https://data.gov.ua/dataset/3f67ad69-fdd7-4afd-ab5c-765681286f48/resource/690d645f-4175-427f-8166-64a8985139e8/download/f-12-ta-f-13-za-zhovten-2020.xlsx,1424,398
2020-11,25455f03-a363-41b2-96d0-b5275d267e68,Ф-12  та Ф-13 за листопад 2020.xlsx,2020-12-11T13:40:09.674133,https://data.gov.ua/dataset/3f67ad69-fdd7-4afd-ab5c-765681286f48/resource/25455f03-a363-41b2-96d0-b5275d267e68/download/f-12-ta-f-13-za-listopad-2020.xlsx,1410,383
2020-12,ed63ee5f-1831-4747-8fe7-fffb7cc4092f,Ф-12 та Ф-13 за грудень 2020.xlsx,2021-01-12T10:16:14.175046,https://data.gov.ua/dataset/3f67ad69-fdd7-4afd-ab5c-765681286f48/resource/ed63ee5f-1831-4747-8fe7-fffb7cc4092f/download/f-12-ta-f-13-za-gruden-2020.xlsx,1326,373
2021-01,bdd7ce2c-2f71-41a2-9368-c38795f3ba5e,Ф-12 та Ф-13 за січень 2021 року.xlsx,2021-02-11T14:48:04.748334,https://data.gov.ua/dataset/3f67ad69-fdd7-4afd-ab5c-765681286f48/resource/bdd7ce2c-2f71-41a2-9368-c38795f3ba5e/download/f-12-ta-f-13-za-sichen-2021-roku.xlsx,1121,330
2021-02,93411414-8a93-4d45-8bb6-fd95f4968360,Ф-12 та Ф-13 за лютий 2021.xlsx,2021-03-11T09:55:08.697972,https://data.gov.ua/dataset/3f67ad69-fdd7-4afd-ab5c-765681286f48/resource/93411414-8a93-4d45-8bb6-fd95f4968360/download/f-12-ta-f-13-za-liutii-2021.xlsx,1157,344
2021-03,3d5f2e3a-aebc-49b8-992b-2821f4fbd6d4,Ф-12 та Ф-13 за березень 2021.xlsx,2021-04-12T15:04:41.278061,https://data.gov.ua/dataset/3f67ad69-fdd7-4afd-ab5c-765681286f48/resource/3d5f2e3a-aebc-49b8-992b-2821f4fbd6d4/download/f-12-ta-f-13-za-berezen-2021.xlsx,1248,352
2021-04,ddd2c1e9-f7d4-4143-8c82-5450d682ea82,Ф-12 та Ф-13 за квітень 2021.xlsx,2021-05-12T10:06:19.031114,https://data.gov.ua/dataset/3f67ad69-fdd7-4afd-ab5c-765681286f48/resource/ddd2c1e9-f7d4-4143-8c82-5450d682ea82/download/f-12-ta-f-13-za-kviten-2021.xlsx,1377,370
2021-05,033cb8de-1aad-44f5-93ba-071ef7bbfdd8,Ф-12 та Ф-13 за травень 2021.xlsx,2021-06-11T14:43:13.579024,https://data.gov.ua/dataset/3f67ad69-fdd7-4afd-ab5c-765681286f48/resource/033cb8de-1aad-44f5-93ba-071ef7bbfdd8/download/f-12-ta-f-13-za-traven-2021.xlsx,1298,367
2021-06,76a4155f-085f-4e63-9a96-338f399c8fd3,Ф-12 та Ф-13 за червень 2021.xlsx,2021-07-12T15:12:03.120828,https://data.gov.ua/dataset/3f67ad69-fdd7-4afd-ab5c-765681286f48/resource/76a4155f-085f-4e63-9a96-338f399c8fd3/download/f-12-ta-f-13-za-cherven-2021.xlsx,1266,356
2021-07,09a99092-73bf-4000-a445-fd6d624cf294,Ф-12 та Ф-13 за липень 2021.xlsx,2021-08-11T09:32:05.449381,https://data.gov.ua/dataset/3f67ad69-fdd7-4afd-ab5c-765681286f48/resource/09a99092-73bf-4000-a445-fd6d624cf294/download/f-12-ta-f-13-za-lipen-2021.xlsx,1419,382
2021-08,dc2ff8a0-f088-4e6f-a28c-e43a0d66a2de,Ф-12 та Ф-13 за серпень 2021.xlsx,2021-09-14T13:08:40.321770,https://data.gov.ua/dataset/3f67ad69-fdd7-4afd-ab5c-765681286f48/resource/dc2ff8a0-f088-4e6f-a28c-e43a0d66a2de/download/f-12-ta-f-13-za-serpen-2021.xlsx,1597,451
2021-09,810a734a-689f-4145-8c10-7c69dd2da952,Ф-12 та Ф-13 за вересень 2021.xlsx,2021-10-12T08:56:15.253519,https://data.gov.ua/dataset/3f67ad69-fdd7-4afd-ab5c-765681286f48/resource/810a734a-689f-4145-8c10-7c69dd2da952/download/f-12-ta-f-13-za-veresen-2021.xlsx,1547,436
2021-10,85592579-ae3b-4881-8288-636201927b10,Ф-12 та Ф-13 за жовтень 2021.xlsx,2021-11-12T15:38:08.278797,https://data.gov.ua/dataset/3f67ad69-fdd7-4afd-ab5c-765681286f48/resource/85592579-ae3b-4881-8288-636201927b10/download/f-12-ta-f-13-za-zhovten-2021.xlsx,1615,456
2021-11,5b3d879e-ff53-433f-a929-f921daa70559,Ф-12 та Ф-13 за листопад 2021.xlsx,2021-12-13T11:48:46.781430,https://data.gov.ua/dataset/3f67ad69-fdd7-4afd-ab5c-765681286f48/resource/5b3d879e-ff53-433f-a929-f921daa70559/download/f-12-ta-f-13-za-listopad-2021.xlsx,1634,429
2021-12,3e70df2d-9454-46cb-9f80-151c20fa7296,Ф-12 та Ф-13 за грудень 2021.xlsx,2022-01-12T10:39:37.814182,https://data.gov.ua/dataset/3f67ad69-fdd7-4afd-ab5c-765681286f48/resource/3e70df2d-9454-46cb-9f80-151c20fa7296/download/f-12-ta-f-13-za-gruden-2021.xlsx,1604,445
2022-01,22f05e23-31a3-479a-aa62-51945869a5ba,Ф-12 та Ф-13 за січень 2022 року.xlsx,2022-02-11T15:00:45.124208,https://data.gov.ua/dataset/3f67ad69-fdd7-4afd-ab5c-765681286f48/resource/22f05e23-31a3-479a-aa62-51945869a5ba/download/f-12-ta-f-13-za-sichen-2022-roku.xlsx,1544,403
2024-01,bec2b616-191b-40bb-955c-4007295ee103,Ф-12 та Ф-13 за січень 2024 року,2024-04-16T09:35:10.392577,https://data.gov.ua/dataset/3f67ad69-fdd7-4afd-ab5c-765681286f48/resource/bec2b616-191b-40bb-955c-4007295ee103/download/sichen-2024-f-12-ta-f-13.xlsx,1570,338
2024-02,1e2b052e-b8b3-42a1-bc59-96d3f908c0e9,Лютий 2024. Ф-12 та Ф-13.xlsx,2024-04-16T09:39:40.801229,https://data.gov.ua/dataset/3f67ad69-fdd7-4afd-ab5c-765681286f48/resource/1e2b052e-b8b3-42a1-bc59-96d3f908c0e9/download/liutii-2024-f-12-ta-f-13.xlsx,1620,333
2024-03,17591185-521c-4585-902e-90bc39605df9,Березень 2024. Ф-12 та Ф-13.xlsx,2024-04-16T09:43:50.993942,https://data.gov.ua/dataset/3f67ad69-fdd7-4afd-ab5c-765681286f48/resource/17591185-521c-4585-902e-90bc39605df9/download/berezen-2024-f-12-ta-f-13.xlsx,1558,343
2024-04,bef3900e-0dad-4d1b-b592-33775398e94b,Ф-12 та Ф-13  за квітень 2024.xlsx,2024-05-10T12:53:57.002258,https://data.gov.ua/dataset/3f67ad69-fdd7-4afd-ab5c-765681286f48/resource/bef3900e-0dad-4d1b-b592-33775398e94b/download/f-12-ta-f-13-za-kviten-2024.xlsx,1440,355
2024-05,031d881c-c3b0-43b0-94a2-e8f131ee8aaf,Ф-12 та Ф-13 за травень 2024.xlsx,2024-06-10T14:53:24.182896,https://data.gov.ua/dataset/3f67ad69-fdd7-4afd-ab5c-765681286f48/resource/031d881c-c3b0-43b0-94a2-e8f131ee8aaf/download/f-12-ta-f-13-za-traven-2024.xlsx,1302,291
2024-06,63066fa6-6eb3-4e99-8b23-f931aa9dddc7,Ф-12 та Ф-13 за червень 2024.xlsx,2024-07-11T13:06:31.115018,https://data.gov.ua/dataset/3f67ad69-fdd7-4afd-ab5c-765681286f48/resource/63066fa6-6eb3-4e99-8b23-f931aa9dddc7/download/f-12-ta-f-13-za-cherven-2024.xlsx,1118,282
2024-07,907cac2b-2ef0-4a2b-a11c-3c777f2ecb06,Липень 2024.xlsx,2024-08-12T12:24:02.408432,https://data.gov.ua/dataset/3f67ad69-fdd7-4afd-ab5c-765681286f48/resource/907cac2b-2ef0-4a2b-a11c-3c777f2ecb06/download/lipen-2024.xlsx,1224,350
2024-08,6c53bbfd-e44d-4407-bd9c-3a58f1855adc,Ф-12 та Ф-13 за серпень 2024.xlsx,2024-09-10T14:49:36.756466,https://data.gov.ua/dataset/3f67ad69-fdd7-4afd-ab5c-765681286f48/resource/6c53bbfd-e44d-4407-bd9c-3a58f1855adc/download/f-12-ta-f-13-za-serpen-2024.xlsx,1213,337
2024-09,dd3caeca-5514-43bc-ae78-afefdd7e5346,Ф-12 та Ф-13 за вересень 2024.xlsx,2024-10-11T11:10:30.495188,https://data.gov.ua/dataset/3f67ad69-fdd7-4afd-ab5c-765681286f48/resource/dd3caeca-5514-43bc-ae78-afefdd7e5346/download/f-12-ta-f-13-za-veresen-2024.xlsx,1233,346
2024-10,081515b5-91c7-477a-aa9a-0e712347373c,Ф-12 та Ф-13 за жовтень 2024.xlsx,2024-11-12T12:54:50.079553,https://data.gov.ua/dataset/3f67ad69-fdd7-4afd-ab5c-765681286f48/resource/081515b5-91c7-477a-aa9a-0e712347373c/download/f-12-ta-f-13-za-zhovten-2024.xlsx,1136,327
2024-11,e05c1aea-bbc7-40c0-82dc-d9eb0cc27941,Ф-12 та Ф-13 за листопад 2024.xlsx,2024-12-11T13:45:13.929623,https://data.gov.ua/dataset/3f67ad69-fdd7-4afd-ab5c-765681286f48/resource/e05c1aea-bbc7-40c0-82dc-d9eb0cc27941/download/f-12-ta-f-13-za-listopad-2024.xlsx,975,302
2024-12,4f2d62c8-fc0d-44bf-86ab-0cfe98c8ce4b,Ф-12 та Ф-13 за грудень 2024.xlsx,2025-01-13T13:12:58.692480,https://data.gov.ua/dataset/3f67ad69-fdd7-4afd-ab5c-765681286f48/resource/4f2d62c8-fc0d-44bf-86ab-0cfe98c8ce4b/download/f-12-ta-f-13-za-gruden-2024.xlsx,900,319
2025-01,671943eb-a3da-458c-b8ac-01e389872390,Ф-12 та Ф-13 за січень 2025 року.xlsx,2025-02-11T12:34:34.908132,https://data.gov.ua/dataset/3f67ad69-fdd7-4afd-ab5c-765681286f48/resource/671943eb-a3da-458c-b8ac-01e389872390/download/f-12-ta-f-13-za-sichen-2025-roku.xlsx,886,276
2025-02,3d655192-b4ac-406d-a443-24282b7b5d84,Ф-12 та Ф-13 за лютий 2025 року.xlsx,2025-03-13T12:02:07.889507,https://data.gov.ua/dataset/3f67ad69-fdd7-4afd-ab5c-765681286f48/resource/3d655192-b4ac-406d-a443-24282b7b5d84/download/f-12-ta-f-13-za-liutii-2025-roku.xlsx,759,271
2025-03,d95b8586-d61d-447e-8da2-17b0e9b80380,Ф-12 та Ф-13 за березень 2025.xlsx,2025-04-15T09:57:17.483653,https://data.gov.ua/dataset/3f67ad69-fdd7-4afd-ab5c-765681286f48/resource/d95b8586-d61d-447e-8da2-17b0e9b80380/download/f-12-ta-f-13-za-berezen-2025.xlsx,860,291
2025-04,066a657b-48a8-4d19-94d8-1047ebc0ea49,Ф-12 та Ф-13 за квітень 2025 року.xlsx,2025-05-13T11:31:51.331995,https://data.gov.ua/dataset/3f67ad69-fdd7-4afd-ab5c-765681286f48/resource/066a657b-48a8-4d19-94d8-1047ebc0ea49/download/f-12-ta-f-13-za-kviten-2025-roku.xlsx,829,268
2025-05,0226d359-a1b0-4f1e-a306-e0598fe83f98,Ф-12 та Ф-13 за травень 2025.xlsx,2025-06-12T14:44:34.428817,https://data.gov.ua/dataset/3f67ad69-fdd7-4afd-ab5c-765681286f48/resource/0226d359-a1b0-4f1e-a306-e0598fe83f98/download/f-12-ta-f-13-za-traven-2025.xlsx,850,280
2025-06,881f3bd6-5e2e-49d5-905d-e5f45aea8e67,Ф-12 та Ф-13 за червень 2025 року.xlsx,2025-07-14T14:24:06.814991,https://data.gov.ua/dataset/3f67ad69-fdd7-4afd-ab5c-765681286f48/resource/881f3bd6-5e2e-49d5-905d-e5f45aea8e67/download/f-12-ta-f-13-za-cherven-2025-roku.xlsx,913,292
2025-07,4c77e7ba-7cf8-4e07-a07c-e33d58ff5ffb,Ф-12 та Ф-13 за липень 2025.xlsx,2025-08-14T16:01:47.468579,https://data.gov.ua/dataset/3f67ad69-fdd7-4afd-ab5c-765681286f48/resource/4c77e7ba-7cf8-4e07-a07c-e33d58ff5ffb/download/f-12-ta-f-13-za-lipen-2025.xlsx,757,277
2025-08,9d7fb7fb-a892-4cae-9015-03c62e0489c0,Ф-12 та Ф-13 за серпень 2025 року.xlsx,2025-09-15T15:12:42.614872,https://data.gov.ua/dataset/3f67ad69-fdd7-4afd-ab5c-765681286f48/resource/9d7fb7fb-a892-4cae-9015-03c62e0489c0/download/f-12-ta-f-13-za-serpen-2025-roku.xlsx,696,260
2025-09,a3ab0227-f581-4d35-8ce5-ff00581dbb55,Ф-12 та Ф-13 за вересень 2025.xlsx,2025-10-15T10:49:31.521697,https://data.gov.ua/dataset/3f67ad69-fdd7-4afd-ab5c-765681286f48/resource/a3ab0227-f581-4d35-8ce5-ff00581dbb55/download/f-12-ta-f-13-za-veresen-2025.xlsx,875,313
2025-10,ef333580-d9b8-4342-a088-090392705a90,Ф-12 та Ф-13 за жовтень 2025.xlsx,2025-11-12T16:13:24.216849,https://data.gov.ua/dataset/3f67ad69-fdd7-4afd-ab5c-765681286f48/resource/ef333580-d9b8-4342-a088-090392705a90/download/f-12-ta-f-13-za-zhovten-2025.xlsx,881,310
2025-11,a74eaee2-f0c8-4625-b254-65c4e9c4eb41,Ф-12 та Ф-13 за листопад 2025.xlsx,2025-12-11T14:34:03.169073,https://data.gov.ua/dataset/3f67ad69-fdd7-4afd-ab5c-765681286f48/resource/a74eaee2-f0c8-4625-b254-65c4e9c4eb41/download/f-12-ta-f-13-za-listopad-2025.xlsx,793,308
2025-12,ce4325cc-8393-4b4d-91bf-93744864f48f,Ф-12 та Ф-13 за грудень 2025 року.xlsx,2026-01-12T12:38:58.527421,https://data.gov.ua/dataset/3f67ad69-fdd7-4afd-ab5c-765681286f48/resource/ce4325cc-8393-4b4d-91bf-93744864f48f/download/f-12-ta-f-13-za-gruden-2025-roku.xlsx,741,295
2026-01,65d29898-16ab-47db-afa3-3609f27ff7d4,Ф-12 и Ф-13 за січень 2026.xlsx,2026-02-13T12:27:01.952236,https://data.gov.ua/dataset/3f67ad69-fdd7-4afd-ab5c-765681286f48/resource/65d29898-16ab-47db-afa3-3609f27ff7d4/download/f-12-i-f-13-za-sichen-2026.xlsx,631,259
2026-02,0a6b89e4-9b51-41c4-8e3b-0643c9131f4f,Ф-12 та Ф-13 за лютий 2026 року.xlsx,2026-03-12T12:54:51.934100,https://data.gov.ua/dataset/3f67ad69-fdd7-4afd-ab5c-765681286f48/resource/0a6b89e4-9b51-41c4-8e3b-0643c9131f4f/download/f-12-ta-f-13-za-liutii-2026-roku.xlsx,678,281
2026-03,35229c75-02d6-412a-afba-040e27554019,Ф-12 та Ф-13 за березень 2026 року.xlsx,2026-04-15T14:12:59.277606,https://data.gov.ua/dataset/3f67ad69-fdd7-4afd-ab5c-765681286f48/resource/35229c75-02d6-412a-afba-040e27554019/download/f-12-ta-f-13-za-berezen-2026-roku.xlsx,780,286
2026-04,2154540e-8ad9-496f-9280-12961f48ad03,Ф-12 та Ф-13 за квітень 2026 року.xlsx,2026-05-14T11:43:47.952019,https://data.gov.ua/dataset/3f67ad69-fdd7-4afd-ab5c-765681286f48/resource/2154540e-8ad9-496f-9280-12961f48ad03/download/f-12-ta-f-13-za-kviten-2026-roku.xlsx,679,291
2026-05,86d62647-1ac5-4518-a2dd-24991ebe8bb3,Ф-12 та Ф-13  за травень 2026 року.xlsx,2026-06-15T12:02:00.996767,https://data.gov.ua/dataset/3f67ad69-fdd7-4afd-ab5c-765681286f48/resource/86d62647-1ac5-4518-a2dd-24991ebe8bb3/download/f-12-ta-f-13-za-traven-2026-roku.xlsx,677,285
2026-06,6a72ace5-f99c-4b36-b8a9-c36a9dedd92e,Ф-12 та Ф-13 за червень 2026 року.xlsx,2026-07-14T13:27:39.102884,https://data.gov.ua/dataset/3f67ad69-fdd7-4afd-ab5c-765681286f48/resource/6a72ace5-f99c-4b36-b8a9-c36a9dedd92e/download/f-12-ta-f-13-za-cherven-2026-roku.xlsx,596,264
2026-07,e4723f5d-769e-4666-a7fe-e119eb5bfb7c,Ф-12 та Ф-13 за липень 2026 року.xlsx,2026-08-18T10:25:56.139516,https://data.gov.ua/dataset/3f67ad69-fdd7-4afd-ab5c-765681286f48/resource/e4723f5d-769e-4666-a7fe-e119eb5bfb7c/download/f-12-ta-f-13-za-lipen-2026-roku.xlsx,543,242
